especie,area,perimetro,raiomedio,raiosd,raiomin,raiomax,eixomaior,ecentricidade
goiaba,2.3587160891754,5.57575757575758,0.910521212121212,0.157357575757576,0.694860606060606,1.15689696969697,2.31321212121212,0.789
goiaba,2.29076013967231,5.81818181818182,0.912412121212121,0.160557575757576,0.650751515151515,1.24627878787879,2.23266666666667,0.763
goiaba,1.88718775181305,5.1030303030303,0.823987878787879,0.168060606060606,0.572387878787879,1.10241212121212,2.14602424242424,0.819
goiaba,1.23247381144239,5.22424242424242,0.747890909090909,0.284812121212121,0.249357575757576,1.23671515151515,2.33575757575758,0.941
goiaba,0.970722535589578,3.68484848484849,0.601345454545455,0.154339393939394,0.311006060606061,0.860339393939394,1.67524848484848,0.868
goiaba,2.14893902766586,6.07272727272727,0.916933333333333,0.282957575757576,0.471575757575758,1.43167272727273,2.7117696969697,0.909
goiaba,0.987107171635778,4.06060606060606,0.611127272727273,0.157648484848485,0.309030303030303,0.890230303030303,1.65362424242424,0.841
goiaba,1.36999731399409,4.42424242424242,0.708993939393939,0.141818181818182,0.518060606060606,1.03229090909091,1.78855757575758,0.798
goiaba,1.18184260005372,4.84848484848485,0.70249696969697,0.232072727272727,0.272763636363636,1.11860606060606,2.04741818181818,0.908
goiaba,1.2634971796938,4.59393939393939,0.693818181818182,0.195078787878788,0.347721212121212,1.04818181818182,1.972,0.883
goiaba,1.4174053182917,4.95757575757576,0.750690909090909,0.207224242424242,0.399854545454545,1.14826666666667,2.0333696969697,0.874
goiaba,2.07977437550363,5.35757575757576,0.859381818181818,0.196181818181818,0.550945454545455,1.22083636363636,2.3477696969697,0.848
goiaba,1.29170024174053,4.63030303030303,0.721260606060606,0.213660606060606,0.37950303030303,1.12098181818182,2.05174545454545,0.898
goiaba,1.65283373623422,4.86060606060606,0.806266666666667,0.231927272727273,0.43310303030303,1.18084848484848,2.34107878787879,0.905
goiaba,1.77074939564867,4.61818181818182,0.786630303030303,0.104387878787879,0.629006060606061,0.99590303030303,1.88730909090909,0.719
goiaba,1.11697555734623,4.02424242424242,0.634787878787879,0.127866666666667,0.427963636363636,0.883769696969697,1.63404848484848,0.804
goiaba,2.23381681439699,5.41818181818182,0.895842424242424,0.18870303030303,0.606763636363636,1.22882424242424,2.37389090909091,0.833
goiaba,1.34488315874295,4.4,0.703939393939394,0.16830303030303,0.432424242424242,1.02170909090909,1.91791515151515,0.857
goiaba,1.58017727639001,4.7030303030303,0.764339393939394,0.184315151515152,0.508763636363636,1.08458181818182,2.11126060606061,0.869
goiaba,0.866774106903035,3.96363636363636,0.59129696969697,0.178,0.273818181818182,0.933648484848485,1.68573333333333,0.899
goiaba,1.174053182917,4.37575757575758,0.671454545454546,0.196121212121212,0.345454545454545,1.02813333333333,1.95746666666667,0.898
goiaba,1.65498254096159,4.71515151515151,0.763878787878788,0.147806060606061,0.552545454545455,1.05779393939394,1.98732121212121,0.806
goiaba,1.59736771420897,4.48484848484848,0.746533333333333,0.117939393939394,0.576060606060606,0.973418181818182,1.8612,0.765
goiaba,1.28606279168434,4.67217630853995,0.710699724517906,0.200341597796143,0.34963085399449,1.08837465564738,2.04744903581267,0.883
goiaba,1.09121764955452,3.68044077134986,0.632606060606061,0.0931790633608815,0.497840220385675,0.809939393939394,1.55054545454545,0.748
goiaba,1.6045820958846,4.88154269972452,0.792396694214876,0.150027548209366,0.590446280991736,1.06247933884298,1.95032506887052,0.786
goiaba,0.589308442935936,3.39393939393939,0.501730027548209,0.170413223140496,0.188297520661157,0.818457300275482,1.49673829201102,0.912
goiaba,1.14775137887145,3.95592286501377,0.652539944903581,0.123151515151515,0.478953168044077,0.875636363636364,1.68802203856749,0.809
goiaba,0.943784471786169,3.52617079889807,0.588727272727273,0.1033608815427,0.399162534435262,0.756176308539945,1.49944903581267,0.789
goiaba,1.06639796351294,3.85674931129477,0.628187327823691,0.125476584022039,0.422358126721763,0.876859504132231,1.64307438016529,0.814
goiaba,1.06183708103521,3.87878787878788,0.627415977961433,0.125432506887052,0.43270523415978,0.849575757575758,1.6443305785124,0.817
goiaba,0.517819261773441,3.70247933884298,0.505300275482094,0.208396694214876,0.0777300275482094,0.863283746556474,1.65624242424242,0.942
goiaba,1.22327110733984,5.0137741046832,0.727305785123967,0.242820936639118,0.275801652892562,1.1624132231405,2.15285950413223,0.909
goiaba,1.05589732711073,4.09917355371901,0.635349862258953,0.16531129476584,0.357917355371901,0.90598347107438,1.79790633608815,0.874
goiaba,2.07573186253712,5.50964187327824,0.884143250688705,0.187239669421488,0.608969696969697,1.23591184573003,2.33685950413223,0.831
goiaba,0.460224862112855,3.34986225895317,0.470192837465565,0.18534435261708,0.0977961432506887,0.790479338842975,1.4836914600551,0.933
goiaba,1.34758167161646,4.92561983471074,0.744099173553719,0.219184573002755,0.400606060606061,1.15553719008264,2.13691460055096,0.898
goiaba,1.47677131947391,4.27548209366391,0.74268870523416,0.115217630853994,0.54134435261708,0.940661157024793,1.81644077134986,0.749
goiaba,0.917798048366568,3.75757575757576,0.590809917355372,0.144859504132231,0.341355371900826,0.85299173553719,1.62996143250689,0.858
goiaba,0.654645736105218,3.01928374655647,0.509355371900826,0.127261707988981,0.316760330578512,0.719184573002755,1.40881542699725,0.875
goiaba,1.28192617734408,4.58402203856749,0.715779614325069,0.176606060606061,0.431603305785124,1.08437465564738,1.90318457300275,0.849
goiaba,1.35596096733135,4.30853994490358,0.718853994490358,0.171504132231405,0.452,0.993322314049587,1.98919008264463,0.864
goiaba,1.27354688162919,4.4297520661157,0.695173553719008,0.170633608815427,0.416528925619835,0.971195592286501,1.93146005509642,0.862
goiaba,0.666949512091642,3.72451790633609,0.551085399449036,0.178402203856749,0.248661157024793,0.887757575757576,1.55366391184573,0.903
goiaba,0.829232074671192,4.27548209366391,0.63334435261708,0.237134986225895,0.202699724517906,1.05523966942149,1.93110743801653,0.934
goiaba,1.21871022486211,4.2534435261708,0.682953168044077,0.145123966942149,0.475052341597796,0.979988980716253,1.7884738292011,0.829
goiaba,0.958952057700467,3.59228650137741,0.601873278236915,0.113939393939394,0.423272727272727,0.794942148760331,1.54523415977961,0.808
goiaba,1.01792532880781,3.83471074380165,0.61164738292011,0.107845730027548,0.41833608815427,0.796011019283747,1.55525068870523,0.785
jabuticaba,2.48774022531478,6.1437908496732,0.944915032679739,0.270771241830065,0.578091503267974,1.44177777777778,2.72112418300654,0.895
jabuticaba,1.5480450629556,5.51633986928105,0.791947712418301,0.291660130718954,0.393307189542484,1.3038431372549,2.53040522875817,0.946
jabuticaba,1.34261100066269,4.83660130718954,0.722300653594771,0.239111111111111,0.379111111111111,1.15492810457516,2.16462745098039,0.922
jabuticaba,1.7713717693837,4.99346405228758,0.769751633986928,0.175450980392157,0.425908496732026,1.14164705882353,2.0642091503268,0.823
jabuticaba,1.48906560636183,4.41830065359477,0.709934640522876,0.15916339869281,0.491006535947712,1.03416993464052,1.91022222222222,0.842
jabuticaba,0.865473823724321,3.66013071895425,0.527058823529412,0.0605751633986928,0.441019607843137,0.651790849673203,1.13811764705882,0.394
jabuticaba,1.20212060967528,3.92156862745098,0.634457516339869,0.135869281045752,0.430954248366013,0.906980392156863,1.676,0.821
jabuticaba,1.4546056991385,4.36601307189542,0.717385620915033,0.183137254901961,0.432235294117647,1.03675816993464,1.98167320261438,0.866
jabuticaba,0.870775347912525,3.47712418300654,0.538509803921569,0.137960784313725,0.312418300653595,0.791581699346405,1.52640522875817,0.866
jabuticaba,0.679920477137177,3.39869281045752,0.505150326797386,0.167398692810457,0.173856209150327,0.837908496732026,1.44894117647059,0.874
jabuticaba,1.55864811133201,5.28104575163399,0.777673202614379,0.271816993464052,0.364705882352941,1.2843660130719,2.39730718954248,0.931
jabuticaba,1.73426110006627,5.01960784313725,0.781908496732026,0.218509803921569,0.473281045751634,1.216,2.25121568627451,0.89
jabuticaba,1.66799204771372,4.91503267973856,0.758745098039216,0.225019607843137,0.444130718954248,1.16345098039216,2.28052287581699,0.904
jabuticaba,1.96222664015905,5.35947712418301,0.838196078431373,0.226640522875817,0.523058823529412,1.28616993464052,2.3436862745098,0.879
jabuticaba,1.34592445328032,4.75816993464052,0.701986928104575,0.206222222222222,0.371503267973856,1.09785620915033,2.00996078431373,0.891
jabuticaba,1.15772034459907,3.66013071895425,0.612052287581699,0.112522875816993,0.446718954248366,0.815372549019608,1.58849673202614,0.797
jabuticaba,3.17561298873426,6.95424836601307,1.07665359477124,0.282928104575163,0.674928104575163,1.66596078431373,2.93435294117647,0.871
jabuticaba,1.67992047713718,5.0718954248366,0.781281045751634,0.232627450980392,0.435764705882353,1.23011764705882,2.27749019607843,0.898
jabuticaba,2.52617627567926,6.79738562091503,1.0041568627451,0.33278431372549,0.470718954248366,1.64745098039216,2.93798692810457,0.918
jabuticaba,1.42279655400928,4.15686274509804,0.68559477124183,0.126300653594771,0.494300653594771,0.953908496732026,1.74117647058824,0.782
jabuticaba,1.23724320742213,5.35947712418301,0.753045751633987,0.316575163398693,0.217777777777778,1.2997385620915,2.50496732026144,0.958
jabuticaba,2.53280318091451,6.27450980392157,0.958013071895425,0.284052287581699,0.533516339869281,1.5002614379085,2.7358954248366,0.889
jabuticaba,0.843605036447979,3.71241830065359,0.55762091503268,0.169751633986928,0.272862745098039,0.876653594771242,1.60452287581699,0.89
jabuticaba,1.66600397614314,4.65359477124183,0.74237908496732,0.141751633986928,0.528705882352941,1.02467973856209,1.90664052287582,0.785
jabuticaba,0.717031146454606,2.84967320261438,0.481385620915033,0.0938562091503268,0.338718954248366,0.673960784313726,1.25764705882353,0.8
jabuticaba,1.27236580516899,4.10457516339869,0.664078431372549,0.169803921568627,0.425908496732026,0.999503267973856,1.85877124183007,0.873
jabuticaba,2.31146454605699,5.28104575163399,0.87597385620915,0.184705882352941,0.628235294117647,1.25735947712418,2.3277908496732,0.826
jabuticaba,1.31742876076872,5.88235294117647,0.808732026143791,0.348653594771242,0.204209150326797,1.4236862745098,2.62533333333333,0.957
jabuticaba,1.46255798542081,5.35947712418301,0.790718954248366,0.284496732026144,0.356392156862745,1.3758954248366,2.32109803921569,0.929
jabuticaba,1.37574552683897,5.33333333333333,0.771006535947712,0.292967320261438,0.280444444444444,1.31696732026144,2.38833986928105,0.94
jabuticaba,1.39297548045063,4.49673202614379,0.70159477124183,0.193960784313725,0.357777777777778,1.09490196078431,1.95084967320261,0.866
jabuticaba,1.01060304837641,4.83660130718954,0.675058823529412,0.271241830065359,0.179267973856209,1.14912418300654,2.14232679738562,0.935
jabuticaba,1.55467196819085,4.99346405228758,0.760235294117647,0.245071895424837,0.344104575163399,1.20049673202614,2.2837908496732,0.913
jabuticaba,1.59310801855533,5.28104575163399,0.778274509803922,0.262901960784314,0.377960784313725,1.27186928104575,2.37581699346405,0.924
jabuticaba,1.52750165672631,4.88888888888889,0.749045751633987,0.225228758169935,0.396366013071895,1.16041830065359,2.18256209150327,0.897
jabuticaba,1.05036447978794,3.66013071895425,0.584156862745098,0.13121568627451,0.387058823529412,0.783686274509804,1.60758169934641,0.844
jabuticaba,1.16832339297548,4.05228758169935,0.648209150326797,0.197019607843137,0.376470588235294,0.98640522875817,1.92943790849673,0.907
jabuticaba,1.79721669980119,5.15032679738562,0.79681045751634,0.221254901960784,0.480679738562092,1.21704575163399,2.28928104575163,0.892
jabuticaba,1.2962226640159,5.77777777777778,0.813124183006536,0.336967320261438,0.184470588235294,1.46473202614379,2.39035294117647,0.937
jabuticaba,2.04771371769384,5.28104575163399,0.840444444444444,0.214300653594771,0.568653594771242,1.26454901960784,2.35092810457516,0.872
jabuticaba,1.71305500331345,4.75816993464052,0.760575163398693,0.138117647058824,0.573254901960784,1.06922875816993,1.89309803921569,0.768
jabuticaba,1.51225977468522,5.22875816993464,0.780366013071895,0.261803921568627,0.347346405228758,1.24156862745098,2.24590849673203,0.906
jabuticaba,1.18290258449304,4.94117647058824,0.701882352941177,0.273803921568627,0.276130718954248,1.19911111111111,2.29090196078431,0.951
jabuticaba,1.52551358515573,5.0718954248366,0.758901960784314,0.255424836601307,0.289202614379085,1.23492810457516,2.27150326797386,0.909
jabuticaba,1.48972829688535,4.60130718954248,0.719032679738562,0.19116339869281,0.420261437908497,1.07558169934641,1.9843660130719,0.856
jabuticaba,1.44201457919152,5.09803921568627,0.751607843137255,0.25443137254902,0.303424836601307,1.21898039215686,2.20786928104575,0.901
jabuticaba,1.45394300861498,4.70588235294118,0.725045751633987,0.211241830065359,0.402875816993464,1.13675816993464,2.10211764705882,0.896
jabuticaba,1.72564612326044,5.04575163398693,0.789385620915033,0.203137254901961,0.477751633986928,1.2161568627451,2.12028758169935,0.853
limao,2.24168030551009,5.34078212290503,0.860558659217877,0.237899441340782,0.548536312849162,1.37186592178771,2.40049162011173,0.888
limao,2.32569558101473,5.7877094972067,0.87877094972067,0.268938547486034,0.449608938547486,1.3934748603352,2.59162011173184,0.91
limao,1.36388434260775,4.24581005586592,0.662614525139665,0.195977653631285,0.354949720670391,1.04531843575419,1.93568715083799,0.9
limao,1.31369339879978,4.29050279329609,0.649832402234637,0.208357541899441,0.294815642458101,1.02715083798883,1.95492737430168,0.906
limao,0.926895799236225,3.79888268156425,0.583776536312849,0.193385474860335,0.326078212290503,0.970234636871508,1.65112849162011,0.915
limao,1.4189852700491,3.8659217877095,0.6411843575419,0.132558659217877,0.458569832402235,0.869653631284916,1.71671508379888,0.827
limao,1.79705400981997,4.11173184357542,0.72136312849162,0.110793296089385,0.559106145251397,0.954301675977654,1.78344134078212,0.749
limao,3.3000545553737,6.2122905027933,1.01059217877095,0.241050279329609,0.674011173184358,1.52140782122905,2.71372067039106,0.848
limao,1.54828150572831,4.53631284916201,0.705541899441341,0.202167597765363,0.426458100558659,1.12263687150838,2.01425698324022,0.892
limao,1.8696126568467,5.13966480446927,0.790435754189944,0.227731843575419,0.480424581005587,1.2511061452514,2.19162011173184,0.887
limao,2.71794871794872,5.49720670391061,0.902905027932961,0.186368715083799,0.57468156424581,1.29146368715084,2.35450279329609,0.818
limao,3.27495908346972,6.70391061452514,1.02576536312849,0.307731843575419,0.595575418994413,1.65086033519553,3.01883798882682,0.906
limao,5.38134206219313,8.29050279329609,1.31584357541899,0.345743016759777,0.890346368715084,2.05497206703911,3.59414525139665,0.871
limao,4.22313147845063,7.19553072625698,1.14871508379888,0.300916201117318,0.738391061452514,1.72480446927374,3.21848044692737,0.877
limao,1.14893617021277,4.37988826815642,0.643083798882682,0.224804469273743,0.253944134078212,1.07781005586592,1.89405586592179,0.92
limao,2.81778505182761,6.07821229050279,0.937608938547486,0.277586592178771,0.516491620111732,1.40911731843575,2.80245810055866,0.907
limao,2.57501363884343,5.67597765363128,0.890502793296089,0.249340782122905,0.541497206703911,1.39260335195531,2.59059217877095,0.893
limao,3.57283142389525,7.8659217877095,1.15305027932961,0.411731843575419,0.55463687150838,1.95014525139665,3.44154189944134,0.933
limao,0.693944353518822,2.79329608938547,0.467664804469274,0.124581005586592,0.294815642458101,0.679620111731844,1.33928491620112,0.892
limao,2.40752864157119,5.29608938547486,0.857519553072626,0.217206703910615,0.577139664804469,1.26846927374302,2.41103910614525,0.874
limao,1.60720130932897,4.93854748603352,0.741541899441341,0.247932960893855,0.368960893854749,1.21202234636871,2.23635754189944,0.925
limao,4.27168576104746,7.50837988826816,1.17311731843575,0.340782122905028,0.692737430167598,1.8426592178771,3.39173184357542,0.898
limao,3.03655210038189,5.85474860335195,0.952893854748603,0.22545251396648,0.628178770949721,1.40643575418994,2.62393296089386,0.857
limao,1.18930714675396,4.20111731843575,0.633340782122905,0.215351955307263,0.285296089385475,1.04395530726257,1.93928491620112,0.924
limao,3.72340425531915,6.70391061452514,1.08840223463687,0.286368715083799,0.67059217877095,1.60462569832402,3.06719553072626,0.885
limao,3.39170758319694,6.4804469273743,1.04277094972067,0.246972067039106,0.756558659217877,1.59671508379888,2.7211843575419,0.84
limao,2.9645390070922,5.98882681564246,0.956871508379888,0.224379888268156,0.633854748603352,1.42234636871508,2.55702793296089,0.846
limao,1.39279869067103,4.22346368715084,0.664469273743017,0.18263687150838,0.441050279329609,1.0343687150838,1.86943016759777,0.883
limao,1.57828696126568,4.40223463687151,0.72408938547486,0.215888268156425,0.413474860335196,1.12867039106145,2.11454748603352,0.91
limao,4.09001636661211,7.79888268156425,1.18393296089385,0.374748603351955,0.605631284916201,1.92263687150838,3.43316201117318,0.909
limao,1.24877250409165,4,0.65195530726257,0.201251396648045,0.359351955307263,1.02183240223464,1.92230167597765,0.916
limao,0.771412984178942,3.21787709497207,0.523776536312849,0.161810055865922,0.266167597765363,0.832201117318436,1.49680446927374,0.912
limao,3.02564102564103,6.63687150837989,1.01179888268156,0.335217877094972,0.506435754189944,1.68724022346369,3.02062569832402,0.917
limao,5.23404255319149,8.42458100558659,1.30426815642458,0.374972067039106,0.711307262569832,2.03693854748603,3.70263687150838,0.889
limao,0.68303327877796,3.0391061452514,0.462368715083799,0.148067039106145,0.207374301675978,0.704245810055866,1.41707262569832,0.91
limao,3.98472449536279,7.68715083798883,1.16116201117318,0.33327374301676,0.68936312849162,1.84976536312849,3.18739664804469,0.884
limao,4.63066012002182,7.35195530726257,1.19839106145251,0.26408938547486,0.861385474860335,1.75124022346369,3.11097206703911,0.827
limao,2.8025095471904,6.68156424581006,0.983664804469274,0.329765363128492,0.503195530726257,1.59264804469274,2.96643575418994,0.925
limao,1.89961811238407,5.09497206703911,0.794614525139665,0.239687150837989,0.44786592178771,1.26529608938547,2.29146368715084,0.904
limao,1.48008728859793,4.91620111731844,0.720871508379888,0.259597765363129,0.310122905027933,1.22109497206704,2.2416312849162,0.934
limao,3.44026186579378,6.45810055865922,1.0287374301676,0.251217877094972,0.671865921787709,1.53941899441341,2.81651396648045,0.86
limao,1.63447899618112,4.93854748603352,0.740871508379888,0.253497206703911,0.350525139664804,1.22420111731844,2.2851843575419,0.927
limao,1.11020185488271,3.84357541899441,0.59072625698324,0.17854748603352,0.360022346368715,0.917787709497207,1.77157541899441,0.91
mexerica,0.814039981403998,3.71988795518207,0.538274509803922,0.197949579831933,0.237322128851541,0.921243697478992,1.49777030812325,0.921
mexerica,0.961723229505656,3.70868347338936,0.552425770308123,0.15447619047619,0.347798319327731,0.893266106442577,1.40049299719888,0.851
mexerica,0.848597551526422,3.31652661064426,0.500728291316527,0.166823529411765,0.209366946778711,0.80927731092437,1.51270588235294,0.919
mexerica,0.905625290562529,3.87675070028011,0.558386554621849,0.211148459383753,0.219619047619048,0.966543417366947,1.62802240896359,0.93
mexerica,1.00511390051139,3.80952380952381,0.567731092436975,0.185478991596639,0.303114845938375,0.929770308123249,1.58767507002801,0.906
mexerica,1.04122113745545,3.77591036414566,0.570565826330532,0.173378151260504,0.332190476190476,0.923417366946779,1.55344537815126,0.89
mexerica,0.705253370525337,3.27170868347339,0.47727731092437,0.185131652661064,0.168504201680672,0.815843137254902,1.53872268907563,0.942
mexerica,0.65055013172168,3.13725490196078,0.463551820728291,0.159439775910364,0.22346218487395,0.779719887955182,1.30665546218487,0.916
mexerica,0.826437315977065,3.5406162464986,0.518767507002801,0.176089635854342,0.275282913165266,0.861535014005602,1.50864985994398,0.923
mexerica,0.936618626995196,3.55182072829132,0.537053221288515,0.162196078431373,0.323159663865546,0.87006162464986,1.46704761904762,0.888
mexerica,0.421354408802108,2.34173669467787,0.374935574229692,0.13752380952381,0.131058823529412,0.613557422969188,1.17377030812325,0.941
mexerica,1.02370990237099,4.02240896358543,0.586173669467787,0.217131652661064,0.228336134453782,0.991350140056022,1.73309803921569,0.933
mexerica,1.20548582054858,3.89915966386555,0.615372549019608,0.195428571428571,0.302207282913165,0.961602240896358,1.80675630252101,0.92
mexerica,0.912753757942042,3.6078431372549,0.549669467787115,0.185467787114846,0.273176470588235,0.917176470588235,1.55201120448179,0.917
mexerica,1.64156206415621,6.86834733893557,0.77678431372549,0.42618487394958,0.00769747899159664,1.52894117647059,3.0576918767507,0.973
mexerica,0.864094219742755,2.90196078431373,0.484941176470588,0.0936918767507003,0.352056022408964,0.656672268907563,1.25187675070028,0.821
mexerica,0.567797923446459,2.6218487394958,0.413467787114846,0.111731092436975,0.256403361344538,0.645658263305322,1.108918767507,0.875
mexerica,0.62079652874632,2.90196078431373,0.433075630252101,0.154397759103641,0.163943977591036,0.710095238095238,1.36693557422969,0.931
mexerica,0.667131566713157,3.35014005602241,0.485478991596639,0.187596638655462,0.190151260504202,0.840739495798319,1.37935014005602,0.924
mexerica,1.29815589648226,3.83193277310924,0.603406162464986,0.168280112044818,0.373210084033613,0.935988795518207,1.74388795518207,0.894
mexerica,1.76429567642957,4.36974789915966,0.697803921568627,0.189389355742297,0.406408963585434,1.05926050420168,1.9940056022409,0.886
mexerica,0.990082132341547,3.68627450980392,0.552571428571429,0.169322128851541,0.289378151260504,0.908481792717087,1.51282913165266,0.891
mexerica,0.554160855416086,3.00280112044818,0.428436974789916,0.152504201680672,0.126319327731092,0.709210084033613,1.2373781512605,0.902
mexerica,0.969161630249496,4.54901960784314,0.635058823529412,0.267787114845938,0.195932773109244,1.12836974789916,1.80273389355742,0.939
mexerica,0.617232295056563,2.72268907563025,0.418005602240896,0.123899159663866,0.241591036414566,0.644985994397759,1.2309243697479,0.906
mexerica,1.01642646830931,3.6078431372549,0.538263305322129,0.186957983193277,0.254408963585434,0.8656918767507,1.72373109243697,0.934
mexerica,1.00650860065086,3.66386554621849,0.560549019607843,0.167271708683473,0.352212885154062,0.911406162464986,1.50742857142857,0.885
mexerica,0.748334108166744,3.05882352941176,0.474240896358543,0.135394957983193,0.299563025210084,0.754072829131653,1.25546218487395,0.868
mexerica,0.551681388501472,2.49859943977591,0.391428571428571,0.114442577030812,0.229490196078431,0.610588235294118,1.15671708683473,0.904
mexerica,0.64822563148923,2.66666666666667,0.435540616246499,0.117915966386555,0.26152380952381,0.647294117647059,1.22166946778711,0.891
mexerica,2.30667906400124,5.89355742296919,0.774756302521008,0.139574229691877,0.438946778711485,1.11718767507003,1.64049299719888,0.295
mexerica,0.836510150317682,3.1484593837535,0.48581512605042,0.143966386554622,0.270498599439776,0.777624649859944,1.42592717086835,0.902
mexerica,1.07763830776383,3.89915966386555,0.597075630252101,0.192224089635854,0.331563025210084,0.989322128851541,1.58921008403361,0.893
mexerica,0.656748799008213,3.2156862745098,0.469310924369748,0.167226890756303,0.231675070028011,0.799249299719888,1.364,0.929
mexerica,1.10243297690996,4.10084033613445,0.600280112044818,0.204918767507003,0.28853781512605,0.997781512605042,1.71473389355742,0.916
mexerica,1.29769099643577,3.59663865546218,0.584571428571429,0.138633053221289,0.350857142857143,0.842274509803922,1.60402240896359,0.849
mexerica,0.566093289942662,2.93557422969188,0.454319327731092,0.160201680672269,0.207316526610644,0.769680672268908,1.25071148459384,0.922
mexerica,0.67797923446459,3.17086834733894,0.465355742296919,0.14684593837535,0.275070028011205,0.768885154061625,1.29418487394958,0.898
mexerica,0.774058577405858,3.51820728291317,0.548257703081233,0.207047619047619,0.200212885154062,0.941109243697479,1.52985994397759,0.934
mexerica,0.475437780877111,2.47619047619048,0.383607843137255,0.121467787114846,0.21109243697479,0.629747899159664,1.09247058823529,0.909
mexerica,0.814349914768325,3.38375350140056,0.508190476190476,0.165142857142857,0.213770308123249,0.824291316526611,1.37006162464986,0.885
mexerica,1.01890593522393,3.10364145658263,0.522039215686275,0.0956862745098039,0.39175350140056,0.702621848739496,1.33253781512605,0.805
cereja,0.919419273117022,3.81909547738693,0.58572864321608,0.189949748743719,0.289557788944724,0.941155778894472,1.79148743718593,0.923
cereja,1.27136314917665,4.2713567839196,0.677557788944724,0.183437185929648,0.426844221105528,1.07014070351759,1.89939698492462,0.883
cereja,1.0783396667641,4.57286432160804,0.668683417085427,0.235165829145729,0.348221105527638,1.13829145728643,1.99900502512563,0.933
cereja,0.763519438760596,3.7286432160804,0.555628140703518,0.184442211055276,0.301658291457286,0.915979899497487,1.60506532663317,0.918
cereja,0.40611906849849,2.72361809045226,0.405628140703518,0.136331658291457,0.228090452261307,0.676060301507538,1.17940703517588,0.92
cereja,0.547110981194582,3.42713567839196,0.494090452261307,0.200341708542714,0.192924623115578,0.863336683417085,1.61861306532663,0.959
cereja,1.07746273019585,3.95979899497487,0.620723618090452,0.170482412060302,0.40486432160804,0.947165829145729,1.76813065326633,0.889
cereja,1.04228783006918,4.15075376884422,0.675306532663317,0.22851256281407,0.336542713567839,1.07332663316583,1.98331658291457,0.936
cereja,1.30332261521972,4.87437185929648,0.70505527638191,0.241889447236181,0.380582914572864,1.16163819095477,2.21879396984925,0.936
cereja,1.02806197018416,4.38190954773869,0.649768844221106,0.229195979899497,0.330532663316583,1.08302512562814,1.93971859296482,0.931
cereja,0.403585696190198,2.32160804020101,0.378180904522613,0.0917185929648241,0.267195979899497,0.572281407035176,1.02004020100503,0.856
cereja,0.441878593003995,2.63316582914573,0.40043216080402,0.119175879396985,0.222522613065327,0.648090452261307,1.17202010050251,0.903
cereja,0.455714703303128,2.58291457286432,0.424060301507538,0.12972864321608,0.2098391959799,0.667396984924623,1.23086432160804,0.916
cereja,0.519146448406899,2.74371859296482,0.432010050251256,0.115939698492462,0.270964824120603,0.677989949748744,1.19977889447236,0.876
cereja,0.613758160381955,3.16582914572864,0.48121608040201,0.148170854271357,0.28329648241206,0.78694472361809,1.39398994974874,0.907
cereja,0.91688590080873,3.95979899497487,0.625718592964824,0.203608040201005,0.322844221105528,1.03497487437186,1.76390954773869,0.918
cereja,0.900808730390724,4.22110552763819,0.616603015075377,0.22243216080402,0.314211055276382,1.05596984924623,1.84559798994975,0.935
cereja,0.44840689856767,2.71356783919598,0.426603015075377,0.120100502512563,0.26043216080402,0.684110552763819,1.10607035175879,0.87
cereja,0.273117022313164,2.23115577889447,0.336311557788945,0.118603015075377,0.168633165829146,0.562763819095477,0.959618090452261,0.915
cereja,0.613855597778427,3.34673366834171,0.495025125628141,0.165226130653266,0.223125628140704,0.829608040201005,1.42597989949749,0.908
cereja,1.10026308097048,4.30150753768844,0.649165829145729,0.210251256281407,0.356522613065327,1.06533668341709,1.90873366834171,0.915
cereja,0.505212900711293,3.22613065326633,0.477829145728643,178,0.22408040201005,0.80121608040201,1.44013065326633,0.94
cereja,0.89467017441294,3.93969849246231,0.592341708542714,0.185195979899497,0.334603015075377,0.971356783919598,1.69050251256281,0.908
cereja,0.356718308486797,2.67336683417085,0.392150753768844,0.137467336683417,0.197477386934673,0.66486432160804,1.10749748743719,0.919
cereja,1.14099191269609,4.61306532663317,0.67713567839196,0.234160804020101,0.330130653266332,1.13201005025126,2.02877386934673,0.928
cereja,0.163012764298938,1.61809045226131,0.249557788944724,0.0775276381909548,0.13164824120603,0.40094472361809,0.720633165829146,0.907
cereja,0.309071421611615,2.20100502512563,0.336663316582915,0.0970552763819095,0.191256281407035,0.530050251256281,0.957386934673367,0.893
cereja,0.480366364610738,2.72361809045226,0.421879396984925,0.11521608040201,0.272964824120603,0.660693467336683,1.18230150753769,0.888
cereja,1.22001364123551,4.33165829145729,0.691195979899498,0.180613065326633,0.436381909547739,1.08357788944724,1.85163819095477,0.881
cereja,0.705446750462828,3.34673366834171,0.517085427135678,0.155336683417085,0.32270351758794,0.840753768844221,1.47532663316583,0.902
cereja,0.844197603040047,4.23115577889447,0.633909547738693,0.234261306532663,0.267015075376884,1.03813065326633,1.80581909547739,0.936
cereja,0.509987333138459,2.82412060301508,0.43427135678392,0.126723618090452,0.277939698492462,0.696241206030151,1.25218090452261,0.901
cereja,0.193705544187859,1.71859296482412,0.266140703517588,0.0786130653266332,0.1581608040201,0.436603015075377,0.756241206030151,0.89
cereja,0.487966481535613,2.89447236180905,0.436110552763819,0.141316582914573,0.240211055276382,0.713276381909548,1.2708743718593,0.915
cereja,0.462243008866803,2.69346733668342,0.416402010050251,0.120613065326633,0.255025125628141,0.656251256281407,1.18877386934673,0.899
cereja,0.638897008671928,3.7286432160804,0.52208040201005,0.222,0.201145728643216,0.909105527638191,1.83971859296482,0.967
cereja,0.499246098048005,2.80921052631579,0.452282894736842,0.136559210526316,0.260434210526316,0.713565789473684,1.28082236842105,0.91
cereja,0.361872936957496,2.71710526315789,0.395578947368421,0.135625,0.201730263157895,0.671697368421053,1.12192763157895,0.916
cereja,0.935205183585313,3.88815789473684,0.602796052631579,0.180243421052632,0.358467105263158,0.970473684210526,1.71740789473684,0.9
cereja,0.199233872610946,1.69736842105263,0.270888157894737,0.0649013157894737,0.174315789473684,0.408421052631579,0.724809210526316,0.852
cereja,0.641183422307347,3.30263157894737,0.500546052631579,0.163671052631579,0.282605263157895,0.815078947368421,1.51644078947368,0.925
cereja,0.968865886955459,4.05263157894737,0.615072368421053,0.186855263157895,0.363565789473684,0.982059210526316,1.77182236842105,0.907
cereja,0.713598761155711,3.45394736842105,0.523625,0.168473684210526,0.260302631578947,0.842815789473684,1.56707894736842,0.915
cereja,0.615020987000285,3.27631578947368,0.498361842105263,0.174223684210526,0.226434210526316,0.816493421052632,1.54281578947368,0.934
cereja,0.410163413342027,2.68421052631579,0.407703947368421,0.142888157894737,0.204355263157895,0.686328947368421,1.25958552631579,0.935
cereja,0.912669627939199,4.16447368421053,0.627217105263158,0.218125,0.300223684210526,1.02825657894737,1.86063815789474,0.931
cereja,0.423163128081829,2.84210526315789,0.424440789473684,0.147730263157895,0.229138157894737,0.720407894736842,1.23888815789474,0.925
cereja,1.16553241778394,6.08552631578947,0.682151315789474,0.323618421052632,0.116171052631579,1.31532236842105,2.61668421052632,0.961
cereja,0.863564122417376,3.82236842105263,0.599355263157895,0.185934210526316,0.324243421052632,0.995565789473684,1.62188157894737,0.889
cereja,0.696931415298097,3.51315789473684,0.550730263157895,0.167480263157895,0.321335526315789,0.889519736842105,1.48040789473684,0.897
cereja,0.443742613798443,2.47368421052632,0.408526315789474,0.0940131578947368,0.273796052631579,0.607717105263158,1.06326315789474,0.843
cereja,0.387301846040996,2.65789473684211,0.409407894736842,0.134138157894737,0.228486842105263,0.671105263157895,1.12241447368421,0.904
cereja,0.494967195077224,2.73684210526316,0.449875,0.134046052631579,0.262532894736842,0.717032894736842,1.26476315789474,0.905
cereja,0.888096499449855,4.03289473684211,0.606144736842105,0.197381578947368,0.3505,1.00236184210526,1.69267763157895,0.905
acerola,2.30402224398875,8.02263083451202,0.872231966053748,0.278942008486563,0.427422913719943,1.50665912305516,2.59795190947666,0.891
acerola,5.62561218363929,8.97878359264498,1.3758981612447,0.295671852899576,0.852899575671853,1.90061103253182,3.65248090523338,0.836
acerola,5.39154475654839,8.995756718529,1.36576520509194,0.280248939179632,0.969250353606789,2.02534653465347,3.48968599717115,0.813
acerola,3.57423615280104,7.10608203677511,1.09188118811881,0.187066478076379,0.811213578500707,1.48484299858557,2.72454314002829,0.778
acerola,4.39691617428671,8.1980198019802,1.23917397454031,0.306981612446959,0.786998585572843,1.83753889674682,3.39653748231966,0.866
acerola,5.61616480773484,9.64073550212164,1.39022347949081,0.363383309759547,0.695507779349363,2.02132956152758,3.90085431400283,0.874
acerola,6.0527346835603,9.92362093352192,1.46627439886846,0.384560113154173,0.905244695898161,2.17697878359265,4.10509193776521,0.885
acerola,2.35148029953553,7.08910891089109,0.949612446958982,0.299779349363508,0.497199434229137,1.54128995756719,2.79878359264498,0.919
acerola,4.65436506682676,8.73550212164074,1.26310042432815,0.266523338048091,0.766727015558699,1.76244978783593,3.28428854314003,0.823
acerola,7.44045625454201,10.2008486562942,1.57811598302687,0.315779349363508,1.06100707213578,2.08241018387553,4.11593776520509,0.822
acerola,4.27624885462416,8.19236209335219,1.21168316831683,0.272011315417256,0.728407355021216,1.74025459688826,3.2351513437058,0.844
acerola,4.44977724414673,8.01131541725601,1.22691937765205,0.25180198019802,0.874376237623762,1.7577369165488,3.20180480905233,0.823
acerola,6.04932225346772,9.32390381895332,1.42586704384724,0.277748231966054,0.953171145685997,1.90660820367751,3.68888260254597,0.817
acerola,5.83661411103036,9.13154172560113,1.40020367751061,0.279649222065064,0.90607072135785,1.91857425742574,3.64403394625177,0.821
acerola,4.17706720591488,7.8981612446959,1.1944441301273,0.251920792079208,0.848633663366337,1.73611315417256,3.12882036775106,0.832
acerola,3.7551265442826,7.63224893917963,1.14302121640735,0.265476661951909,0.770562942008487,1.66230834512023,3.05980763790665,0.852
acerola,5.80624980252141,9.39179632248939,1.41466478076379,0.324741159830269,0.994891089108911,2.10938613861386,3.79447241867044,0.851
acerola,7.045056715852,10.6930693069307,1.55940028288543,0.348893917963225,1.09886280056577,2.22575954738331,4.16902404526167,0.851
acerola,2.3688268191728,6.43847241867044,0.919485148514852,0.233142857142857,0.543321074964639,1.3818783592645,2.50028854314003,0.867
acerola,4.28635975860217,7.85855728429986,1.19518528995757,0.201884016973126,0.889346534653465,1.63680339462518,2.94970297029703,0.764
acerola,2.93803911655976,6.98161244695898,1.01173408769448,0.248299858557284,0.623258840169731,1.41708062234795,2.79046110325318,0.871
acerola,4.79996208411008,8.38472418670439,1.2762828854314,0.286630834512023,0.876973125884017,1.78235360678925,3.44677793493635,0.853
acerola,2.14351164333786,5.88967468175389,0.869584158415842,0.227439886845827,0.551439886845827,1.27461951909477,2.44491089108911,0.885
acerola,3.59012922999147,7.78500707213578,1.13265063649222,0.303445544554455,0.659123055162659,1.75740876944837,3.14,0.877
acerola,2.00587696293722,5.55586987270156,0.820661951909477,0.152978783592645,0.568526166902405,1.07177934936351,2.10411315417256,0.809
acerola,1.93971373503112,5.88967468175389,0.811553041018388,0.172769448373409,0.513669024045262,1.15557001414427,2.10253465346535,0.82
acerola,2.35887389806945,5.8953323903819,0.878551626591231,0.130166902404526,0.669120226308345,1.10859405940594,2.14416973125884,0.745
acerola,3.33489209769661,6.96463932107496,1.04903536067893,0.160362093352192,0.77577369165488,1.34608203677511,2.56504667609618,0.751
acerola,5.44683876267813,9.20509193776521,1.36483734087694,0.324384724186704,0.89554738330976,1.94260820367751,3.75434229137199,0.866
acerola,4.73155549938387,8.58840169731259,1.27724469589816,0.297103253182461,0.783326732673267,1.79432531824611,3.45120792079208,0.856
acerola,5.26449492874972,8.79207920792079,1.33737482319661,0.26811315417256,0.921239038189533,1.96363224893918,3.44337765205092,0.815
acerola,5.51578248917817,9.3012729844413,1.37692220650636,0.304243281471004,0.907004243281471,1.92751343705799,3.66723620933522,0.846
acerola,8.18006888053335,11.1230551626591,1.67838189533239,0.386743988684583,1.10055445544554,2.36034512022631,4.54232531824611,0.858
acerola,4.19122247148409,8.20933521923621,1.21101555869873,0.309584158415842,0.747230551626591,1.71498161244696,3.38472984441301,0.88
acerola,2.3365035230181,5.95756718528996,0.891977369165488,0.197284299858557,0.602925035360679,1.2649900990099,2.35184158415842,0.834
acerola,8.14524945495908,10.6421499292786,1.64256294200849,0.260509193776521,1.29464214992928,2.13084016973126,4.04502404526167,0.764
acerola,2.71645233656672,6.35926449787836,0.965997171145686,0.20816973125884,0.656537482319661,1.39979632248939,2.54220084865629,0.837
acerola,3.10948213213688,7.36067892503536,1.06694200848656,0.30422630834512,0.575264497878359,1.65343705799151,3.00342291371994,0.892
acerola,2.91620588328225,6.61951909476662,0.988786421499293,0.198874115983027,0.707479490806223,1.35059688826025,2.59601697312588,0.827
acerola,6.16828335808398,9.81046676096181,1.46390947666195,0.350364922206506,0.960520509193777,2.11188118811881,4.00762093352192,0.868
acerola,6.32699295396379,9.77086280056577,1.48009052333805,0.322964639321075,1.01567185289958,2.11950777934936,3.87834794908062,0.837
acerola,5.33678789219249,9.04101838755304,1.33467043847242,0.25631117397454,0.93605657708628,1.77142291371994,3.45815558698727,0.816
acerola,5.90018641979209,9.61810466760962,1.42625742574257,0.321069306930693,0.980605374823197,2.04162942008487,3.80624045261669,0.848
acerola,2.78504850074252,6.24045261669024,0.961103253182461,0.164667609618105,0.665154172560113,1.28866195190948,2.40474115983027,0.78
acerola,4.22354576763879,8.56577086280057,1.22575954738331,0.328933521923621,0.764628005657709,1.8032927864215,3.46233097595474,0.889
acerola,1.8950361780783,5.3974540311174,0.805352192362093,0.198800565770863,0.525137199434229,1.14919943422914,2.24220084865629,0.873
acerola,8.17845745521186,10.8458274398868,1.66044695898161,0.312305516265912,1.25376520509194,2.20161244695898,4.23594908062235,0.808
acerola,2.68517172738475,6.47241867043847,0.958987270155587,0.22643847241867,0.616888260254597,1.35469872701556,2.62097878359265,0.863
acerola,6.11106196088344,9.98585572842999,1.46554455445545,0.369086280056577,0.808735502121641,2.07067609618105,4.04565770862801,0.872
acerola,5.78523808019211,9.7029702970297,1.42286280056577,0.321884016973126,0.944978783592645,1.98720226308345,3.77057991513437,0.849
acerola,3.14840911245221,7.41159830268741,1.04617821782178,0.281917963224894,0.550478076379066,1.59220933521924,2.93762942008487,0.875
acerola,3.94369490347246,7.3041018387553,1.14666478076379,0.198828854314003,0.802461103253183,1.50130127298444,2.86351909476662,0.779
